Metric,Overall,Information,Decision-Making,Translation
precision_coach,0.8237279130191337,0.8264669350215367,0.8335392355918885,0.808164644241333
recall_coach,0.845323408522257,0.8401554084959484,0.8540921926498413,0.8474074244499207
f1_coach,0.8341861861508068,0.833035239151546,0.8436466753482819,0.8271426856517792
precision_gpt,0.8036352134332424,0.8072158665884108,0.8088304042816162,0.7909206509590149
recall_gpt,0.8468060057337691,0.8497669327826727,0.8481452822685241,0.8392487823963165
f1_gpt,0.8244885191684816,0.8277383929207212,0.8279292047023773,0.8142230987548829
