Metric,Overall,Information,Decision-Making,Translation
precision_coach,0.8403959433237712,0.8794841051101685,0.8335391402244567,0.8081645846366883
recall_coach,0.8581965883572896,0.8730903148651123,0.8540921330451965,0.84740731716156
f1_coach,0.8489605168501536,0.8760923624038697,0.8436465919017792,0.827142596244812
precision_gpt,0.8164309700330098,0.8495420098304749,0.80883030295372,0.7909205973148346
recall_gpt,0.8549192667007446,0.8773638904094696,0.8481451809406281,0.8392487287521362
f1_gpt,0.8350978136062622,0.8631412863731385,0.8279291033744812,0.814223051071167
